<?xml version="1.0" encoding="UTF-8" ?>
<!DOCTYPE sqlMap PUBLIC "-//ibatis.apache.org//DTD SQL Map 2.0//EN" "http://ibatis.apache.org/dtd/sql-map-2.dtd">

<sqlMap namespace="DataViewConfigDataMap">
	
	<typeAlias alias="Report" type="com.citi.ef.util.dataview.config.domain.Report" />
	 
	<statement id="getReportDetailsByReportId" resultClass="Report" parameterClass ="java.util.HashMap" >
			SELECT ReportId,
				   Name, 
				   Category,
				   Config,
				   Version, 
				   Active,
				   CreatedBy,
				   CreatedDateTime,
           		   UpdatedBy, 
           		   UpdatedDateTime
    		FROM DVS_Report
    		WHERE ReportId = #reportId#
    		AND Active = 1    		           	 			
	</statement>
	
	<statement id="getReportDetailsByNameAndCat" resultClass="Report" parameterClass ="java.util.HashMap" >
			SELECT ReportId,
				   Name, 
				   Category, 
				   Config,				    		    
				   Version, 
				   Active,
				   CreatedBy,
				   CreatedDateTime,
           		   UpdatedBy, 
           		   UpdatedDateTime
    		FROM DVS_Report
    		WHERE Name = #name#
    		AND Category = #category#    		
    		AND Active = 1    		           	 			
	</statement>
	
	<statement id="CheckReportExist" resultClass ="java.util.HashMap" parameterClass ="java.util.HashMap" >
			SELECT ReportId, 
				   Category,				   
				   Version, 
				   Active				   
    		FROM DVS_Report
    		WHERE ReportId = #reportId#
            	AND Category = #category#
            	AND Active = 1            	 			
	</statement>
	
	<insert id="insertReportDetail" parameterClass ="Report" >
		INSERT INTO DVS_Report
				(Name, 
				 Category, 
				 Config, 
				 Version, 
				 Active,
				 CreatedBy,
				 CreatedDateTime,
           		 UpdatedBy, 
           		 UpdatedDateTime)
    	VALUES (#name#, 
				#category#, 
				#config#, 
				1, 
				1,
				#createdBy#,
				GETDATE(),
           		#updatedBy#, 
           		GETDATE())
		<selectKey resultClass="int" keyProperty="reportId">
 	 		select @@IDENTITY as reportId
  	 	</selectKey>
    </insert>
	
	<update id="updateReportDetail" parameterClass ="Report">
		UPDATE DVS_Report 
		SET
			Name	 = #name#,
			Category = #category#,			 
			Config    = #config#,
			Version   = Version + 1,
			Active    = #active#,
			UpdatedBy = #updatedBy#,
           	UpdatedDateTime = GETDATE()
        WHERE 
        	ReportId =  #reportId#		
	</update>
</sqlMap>
	
