<?xml version="1.0" encoding="UTF-8" ?>
<!DOCTYPE sqlMap PUBLIC "-//ibatis.apache.org//DTD SQL Map 2.0//EN" "http://ibatis.apache.org/dtd/sql-map-2.dtd">

<sqlMap namespace="DataViewConfigDataMap">
	
	<typeAlias alias="view" type="com.citi.ef.util.dataview.config.domain.View" />
	 
	<statement id="getViewDetailsById" resultClass="view" parameterClass ="java.util.HashMap" >
			SELECT ViewId,
				   ReportId,
				   Name,
				   Config,
				   Version, 
				   Active,
				   CreatedBy,
				   CreatedDateTime,
           		   UpdatedBy,
           		   UpdatedDateTime
    		FROM DVS_View
    		WHERE ViewId = #viewId#
    		AND Active = 1    		           	 			
	</statement>
    
	<statement id="getViewDetailsByReportId" resultClass="view" parameterClass ="java.util.HashMap" >
			SELECT ViewId,
				   ReportId,
				   Name,
				   Config,
				   Version, 
				   Active,
				   CreatedBy,
				   CreatedDateTime,
           		   UpdatedBy, 
           		   UpdatedDateTime
    		FROM DVS_View
    		WHERE ReportId = #reportId#    		
    		AND Active = 1    		           	 			
	</statement>
	
	<statement id="getViewDetailsByName" resultClass ="java.util.HashMap" parameterClass ="java.util.HashMap" >
			SELECT ViewId,
				   ReportId,
				   Name,
				   Config,
				   Version, 
				   Active,
				   CreatedBy,
				   CreatedDateTime,
           		   UpdatedBy, 
           		   UpdatedDateTime
    		FROM DVS_View
    		WHERE Name = #name#    		
    		AND Active = 1    	            	 			
	</statement>
	
	<insert id="insertViewDetail" parameterClass ="view" >
		INSERT INTO DVS_View
				(ReportId,
				 Name,
				 Config,
				 Version, 
				 Active,
				 CreatedBy,
				 CreatedDateTime,
           		 UpdatedBy, 
           		 UpdatedDateTime)
    	VALUES (#reportId#,
    			#name#,
				#config#, 
				1, 
				1,
				#createdBy#,
				GETDATE(),
           		#updatedBy#, 
           		GETDATE())
        <selectKey resultClass="int" keyProperty="viewId">
 	 		select @@IDENTITY as viewId
  	 	</selectKey>
	</insert>
	
	<update id="updateViewDetail" parameterClass ="view">
		UPDATE DVS_View 
		SET
			ReportId  = #reportId#,
			Name	  = #name#,					 
			Config    = #config#,
			Version   = Version + 1,
			Active    = #active#,
			UpdatedBy = #updatedBy#,
           	UpdatedDateTime = GETDATE()
        WHERE 
        	ViewId =  #viewId#		
	</update>
</sqlMap>
	
