<?xml version="1.0" encoding="UTF-8" ?>
<!DOCTYPE sqlMap PUBLIC "-//ibatis.apache.org//DTD SQL Map 2.0//EN" "http://ibatis.apache.org/dtd/sql-map-2.dtd">

<sqlMap namespace="PositionData">
	 
	<typeAlias type="com.citi.ef.util.dataview.config.service.dao.handlers.ResultSetMap" alias="resultSetMap" />  
	
	<typeAlias type="com.citi.ef.util.dataview.config.service.dao.handlers.TableModelResultDataMap" alias="tableModelresultSetMap" />
	
	<!-- <typeAlias type="com.citi.ef.util.dataview.config.service.dao.handlers.TableModelResultDataMap"	alias="tableModelResultDataMap" /> --> 
	<!-- <typeAlias type="javax.swing.table.TableModel" 											alias="tableModelResult" /> -->
	
	<resultMap id = "ResultSetMapResult" class = "resultSetMap" >       
    	<result property = "result" typeHandler = "com.citi.ef.util.dataview.config.service.dao.handlers.ResultSetHandlerCallback" />  
	</resultMap>  
	
	<resultMap id = "TableModelResultSetMapResult" class = "tableModelresultSetMap" >       
    	<result property = "tableModel" typeHandler = "com.citi.ef.util.dataview.config.service.dao.handlers.TableModelResultSetHandlerCallback" />  
	</resultMap> 
	
		
	<statement id="getPositionData" resultMap="TableModelResultSetMapResult" parameterClass ="java.util.HashMap" >
			SELECT top 2
				FiI,
				Entity,	
				TopAccount,
				LongQuantity,
				ShortQuantity,				
				AssetSubType					
			FROM
				stkloan..Position
			WHERE PositionDataSetId = #positionDataSetId# 		           	 			
	</statement>
	
	<statement id="getPositionDataSetId" resultClass="java.util.HashMap" parameterClass ="java.util.HashMap" >
			select s1.PositionDataSetId 
			from stkloan..PositionDataSet s1
			where s1.LoadDate = (SELECT MAX(s2.LoadDate) FROM stkloan..PositionDataSet s2) 		           	 			
	</statement>	
</sqlMap>