<?xml version="1.0" encoding="UTF-8"?>
<!DOCTYPE beans PUBLIC "-//SPRING//DTD BEAN//EN" 
		"http://www.springframework.org/dtd/spring-beans.dtd">
		
<beans> 
  <description><![CDATA[SOD Position Processor configuraiton ]]></description>

  <bean id="SODPositionViewProcessor" class="com.citi.ef.util.dataview.config.service.processor.SODPositionViewProcessor" singleton="false" >
  		<property name="sodPositonDao" 			ref="SODPositionDaoImpl"/>
  		<property name="viewDao" 				ref="viewDaoImpl"/>  		
  		<property name="reportDao" 				ref="reportDaoImpl"/>
  		<property name="tableModelProcessor" 	ref="tableModelProcessor"/>
  </bean>
 	  
 
  <bean id="tableModelProcessor" class="net.khajana.processor.impl.TableModelProcessorImpl" singleton="false" />
  		

  <bean id="SODPositionDaoImpl" class="com.citi.ef.util.dataview.config.service.dao.impl.SODPositionDaoImpl" singleton="false" >
  		<property name="sqlMapClient" ref="DataViewConfigSqlMapClient"/>  		
  </bean>
  
  <bean id="viewDaoImpl" class="com.citi.ef.util.dataview.config.dao.impl.ViewDaoImpl" singleton="false" >
  		<property name="sqlMapClient" ref="DataViewConfigSqlMapClient"/>  		
  </bean>
  
  <bean id="reportDaoImpl" class="com.citi.ef.util.dataview.config.dao.impl.ReportDaoImpl" singleton="false" >
  		<property name="sqlMapClient" ref="DataViewConfigSqlMapClient"/>  		
  </bean>
  
</beans> 
 
