<?xml version="1.0" encoding="UTF-8"?>
<!DOCTYPE beans PUBLIC "-//SPRING//DTD BEAN//EN" 
		"http://www.springframework.org/dtd/spring-beans.dtd">

<beans>

	<bean id="cacheDas" class="com.ml.elt.s1.platform.plugins.cache.opencache.GenericCacheDas" singleton="false">
	  <property name="connectionProperties">
	      <props>
		    <prop key="sync">com/ml/elt/s1/platform/plugins/cache/opencache/replSync-service.xml</prop>
		    <prop key="async">com/ml/elt/s1/platform/plugins/cache/opencache/replAsync-service.xml</prop>
		    <prop key="local">com/ml/elt/s1/platform/plugins/cache/opencache/local-service.xml</prop>
	      </props>
	  </property>
	  <property name="indexMap">
	  	 <map>
	  	 	  <entry key="Application">
		      	<list>
		  			<value>applicationCode</value>
		      	</list>
		      </entry>
		      <entry key="StaticData">
		      	<list>
		  			<value>pickerListId</value>
		      	</list>
		      </entry>
		      
	  	 	  <entry key="PickerBean">
		      	<list>
		  			<value>pickerName</value>
		  			<value>pickerValue</value>
		      	</list>
		      </entry>
  	  	 	  <entry key="Rule">
		      	<list>
		  			<value>applicationId</value>
		      	</list>
		      </entry>
		      <entry key="RuleProperty">
		      	<list>
		      		<value>ruleId</value>		      		
		  			<value>propertyId</value>
		      	</list>
		      </entry>
		      <entry key="Property">
		      	<list>
		  			<value>propertyCode</value>
		      	</list>
		      </entry> 
		      <entry key="Contact">
		      	<list>
		  			<value>id</value>
		      	</list>
		      </entry>		       
		      <entry key="Instrument">
		      	<list>
		  			<value>id</value>
		  			<value>name</value>
		  			<value>ric</value>
		  			<value>cusip</value>
		  			<value>isin</value>
		  			<value>sedol</value>
		  			<value>bloombergTicker</value>
		      	</list>
		      	</entry>
		      	<entry key="Client">
		      	<list>
		  			<value>shortName</value>
		  			<value>clientStatus</value>
		  			<value>counterpartyId</value>
		  			<value>iacounterpartyId</value>
		  			<value>parentCprId</value>
		  			<value>globalParentCprId</value>
		      	</list>		      
		      </entry>	 	
		      <entry key="RamGroupUser">
		      	<list>
		  			<value>userId</value>
		      	</list>
		      	</entry>			
		      	<entry key="RamUsers">
		        <list>
		  			<value>userId</value>
		  			<value>desk</value>
		  		</list>     
		  		</entry>	 	    	      	 
		  </map>
	  </property> 
<!--	  cache_port and cache_host should NOT be changed or modified in the value of clusterProps		-->
	  <property name="globalClusterProps">
	  	<value>TCP(start_port=48886;loopback=true;recv_buf_size=20000000;send_buf_size=640000;discard_incompatible_packets=true;max_bundle_size=64000;max_bundle_timeout=30;use_incoming_packet_handler=true;use_outgoing_packet_handler=false;down_thread=false up_thread=false;enable_bundling=true;use_send_queues=false;sock_conn_timeout=300;skip_suspected_members=true;enable_diagnostics=false):TCPPING(timeout=2000;num_initial_members=3;up_thread=false;down_thread=false;initial_hosts=123.123.123.1[47786];port_range=1):MERGE2(min_interval=10000;max_interval=20000):FD_SOCK(up_thread=false;down_thread=false):FD(timeout=10000;max_tries=5;down_thread=false;up_thread=false;shun=true):VERIFY_SUSPECT(timeout=1500;up_thread=false;down_thread=false):pbcast.NAKACK(gc_lag=0;max_xmit_size=60000;use_mcast_xmit=false;retransmit_timeout=600,1200,2400,4800;up_thread=false;down_thread=false;discard_delivered_msgs=true):pbcast.STABLE(stability_delay=1000;desired_avg_gossip=50000;up_thread=false;down_thread=false;max_bytes=400000):FRAG2(frag_size=60000;down_thread=false;up_thread=false):FC(max_credits=2000000;down_thread=false;up_thread=false;min_threshold=0.10):pbcast.GMS(join_timeout=3000;join_retry_timeout=2000;shun=false;print_local_addr=true;view_bundling=true):pbcast.STATE_TRANSFER(up_thread=false;down_thread=false;use_flush=false)</value>
	  </property>
	  <property name="distributedClusterProps">
	  	<value>TCP(start_port=48887;loopback=true;recv_buf_size=20000000;send_buf_size=640000;discard_incompatible_packets=true;max_bundle_size=64000;max_bundle_timeout=30;use_incoming_packet_handler=true;use_outgoing_packet_handler=false;down_thread=false up_thread=false;enable_bundling=true;use_send_queues=false;sock_conn_timeout=300;skip_suspected_members=true;enable_diagnostics=false):TCPPING(timeout=2000;num_initial_members=3;up_thread=false;down_thread=false;initial_hosts=123.123.123.1[47786];port_range=1):MERGE2(min_interval=10000;max_interval=20000):FD_SOCK(up_thread=false;down_thread=false):FD(timeout=10000;max_tries=5;down_thread=false;up_thread=false;shun=true):VERIFY_SUSPECT(timeout=1500;up_thread=false;down_thread=false):pbcast.NAKACK(gc_lag=0;max_xmit_size=60000;use_mcast_xmit=false;retransmit_timeout=600,1200,2400,4800;up_thread=false;down_thread=false;discard_delivered_msgs=true):pbcast.STABLE(stability_delay=1000;desired_avg_gossip=50000;up_thread=false;down_thread=false;max_bytes=400000):FRAG2(frag_size=60000;down_thread=false;up_thread=false):FC(max_credits=2000000;down_thread=false;up_thread=false;min_threshold=0.10):pbcast.GMS(join_timeout=3000;join_retry_timeout=2000;shun=false;print_local_addr=true;view_bundling=true):pbcast.STATE_TRANSFER(up_thread=false;down_thread=false;use_flush=false)</value>
	  </property>
	  <property name="localClusterProps">
	  	<value>TCP(start_port=48888;loopback=true;recv_buf_size=20000000;send_buf_size=640000;discard_incompatible_packets=true;max_bundle_size=64000;max_bundle_timeout=30;use_incoming_packet_handler=true;use_outgoing_packet_handler=false;down_thread=false up_thread=false;enable_bundling=true;use_send_queues=false;sock_conn_timeout=300;skip_suspected_members=true;enable_diagnostics=false):TCPPING(timeout=2000;num_initial_members=3;up_thread=false;down_thread=false;initial_hosts=localhost[11111];port_range=1):MERGE2(min_interval=10000;max_interval=20000):FD_SOCK(up_thread=false;down_thread=false):FD(timeout=10000;max_tries=5;down_thread=false;up_thread=false;shun=true):VERIFY_SUSPECT(timeout=1500;up_thread=false;down_thread=false):pbcast.NAKACK(gc_lag=0;max_xmit_size=60000;use_mcast_xmit=false;retransmit_timeout=600,1200,2400,4800;up_thread=false;down_thread=false;discard_delivered_msgs=true):pbcast.STABLE(stability_delay=1000;desired_avg_gossip=50000;up_thread=false;down_thread=false;max_bytes=400000):FRAG2(frag_size=60000;down_thread=false;up_thread=false):FC(max_credits=2000000;down_thread=false;up_thread=false;min_threshold=0.10):pbcast.GMS(join_timeout=3000;join_retry_timeout=2000;shun=false;print_local_addr=true;view_bundling=true):pbcast.STATE_TRANSFER(up_thread=false;down_thread=false;use_flush=false)</value>
	  </property>
<!--	  <value>UDP(mcast_addr=cache_host;mcast_port=cache_port;ip_ttl=64;ip_mcast=true;mcast_send_buf_size=150000;mcast_recv_buf_size=80000;ucast_send_buf_size=150000;ucast_recv_buf_size=80000;loopback=false):PING(timeout=2000;num_initial_members=3;up_thread=false;down_thread=false):MERGE2(min_interval=10000;max_interval=20000):FD_SOCK:VERIFY_SUSPECT(timeout=1500):pbcast.NAKACK(gc_lag=50;max_xmit_size=8192;retransmit_timeout=600,1200,2400,4800;up_thread=false;down_thread=false):UNICAST(timeout=600,1200,2400,4800;window_size=100;min_threshold=10;down_thread=false):pbcast.STABLE(desired_avg_gossip=20000;up_thread=false;down_thread=false):FRAG(frag_size=8192;down_thread=false;up_thread=false):pbcast.GMS(join_timeout=5000;join_retry_timeout=2000;shun=false;print_local_addr=true):pbcast.STATE_TRANSFER(up_thread=false;down_thread=false)</value>	  -->
	</bean>

</beans>
