<?xml version="1.0" encoding="UTF-8"?>
<!DOCTYPE beans PUBLIC "-//SPRING//DTD BEAN//EN" 
		"http://www.springframework.org/dtd/spring-beans.dtd">

<beans default-lazy-init="true">

	<bean id="ramdb" class="com.ml.elt.s1.platform.PropertiesManager">
	  <property name="properties">
		  <props>
		    <prop key="url">${instance.ramurl}</prop>
		    <prop key="schema">${instance.ramschema}</prop>
		    <prop key="password">${instance.rampassword}</prop>
		    <prop key="os-user">${instance.os.user}</prop>
		    <prop key="client_info">${instance.client.info}</prop>
		    <prop key="default-row-prefetch">100</prop>
		    <prop key="pool-max-active">${instance.ram.db.pool-max-active}</prop>
		    <prop key="pool-max-iddle">${instance.ram.db.pool-max-iddle}</prop>
		    <prop key="pool-min-iddle">${instance.ram.db.pool-min-iddle}</prop>
		    <prop key="pool-max-wait">${instance.ram.db.pool-max-wait}</prop>
		  </props>
	  </property> 
	</bean>
	
	<bean id="ramdbConnFactory" 
			class="com.ml.elt.s1.sw.core.das.sqlmap.DataSourceImpl">
		<constructor-arg ref="ramdb"/>
	</bean>
	
	<bean id="sqlMapClient"
          class="org.springframework.orm.ibatis.SqlMapClientFactoryBean" singleton="true">
        <property name="configLocation">
            <value>classpath:sqlMapConfig.xml</value>
        </property>
        <property name="useTransactionAwareDataSource">
            <value>true</value>
        </property>
        <property name="dataSource">
            <ref bean="ramdbConnFactory"/>
        </property>
    </bean>

	<bean id="esrd" class="com.ml.elt.s1.platform.PropertiesManager">
	  <property name="properties">
		  <props>
		    <prop key="url">${instance.profileurl}</prop>
		    <prop key="schema">${instance.profileschema}</prop>
		    <prop key="password">${instance.profilepassword}</prop>
		    <prop key="os-user">${instance.os.user}</prop>
		    <prop key="client_info">${instance.client.info}</prop>
		    <prop key="default-row-prefetch">100</prop>
		  </props>
	  </property>  
	</bean>

	<bean id="esrdConnFactory" 
			class="com.ml.elt.s1.sw.core.das.sqlmap.DataSourceImpl">
		<constructor-arg ref="esrd"/>
	</bean>

	<bean id="esrdTxManager" class="org.springframework.jdbc.datasource.DataSourceTransactionManager">
  		<property name="dataSource" ref="esrdConnFactory"/>
	</bean>	
	
	<bean id="esrdSqlMapClient" class="org.springframework.orm.ibatis.SqlMapClientFactoryBean">
        <property name="configLocation">
             <value>classpath:profileSqlMapConfig.xml</value>
        </property>
        <property name="useTransactionAwareDataSource">
            <value>false</value>
        </property>
        <property name="dataSource">
            <ref bean="esrdConnFactory"/>
        </property>
    </bean>
    
    <!-- No IncomingSwapTradeDao -->
    
    <bean id="ramInstrument"
          class="com.ml.elt.s1.sw.core.das.sqlmap.InstrumentSqlMapDao">
        <property name="sqlMapClient">
            <ref bean="sqlMapClient"/>
        </property>
    </bean>
    <bean id="ramClient"
          class="com.ml.elt.s1.sw.core.das.sqlmap.ClientSqlMapDao">
        <property name="sqlMapClient">
            <ref bean="sqlMapClient"/>
        </property>
    </bean>
    
    
    <bean id="ramRule"
          class="com.ml.elt.s1.profile.core.das.sqlmap.RuleSqlMapDaoImpl">
        <property name="sqlMapClient">
            <ref bean="esrdSqlMapClient"/>
        </property>
        <property name="dsTxManager">
            <ref bean="esrdTxManager"/>
        </property>
    </bean>

    <bean id="ramRuleProperty"
          class="com.ml.elt.s1.profile.core.das.sqlmap.RulePropertySqlMapDaoImpl">
        <property name="sqlMapClient">
            <ref bean="esrdSqlMapClient"/>
        </property>
        <property name="dsTxManager">
            <ref bean="esrdTxManager"/>
        </property>
        
    </bean>

    <bean id="ramProperty"
          class="com.ml.elt.s1.profile.core.das.sqlmap.PropertySqlMapDaoImpl">
        <property name="sqlMapClient">
            <ref bean="esrdSqlMapClient"/>
        </property>
    </bean>

    <bean id="ramApplication"
          class="com.ml.elt.s1.profile.core.das.sqlmap.ApplicationSqlMapDaoImpl">
        <property name="sqlMapClient">
            <ref bean="esrdSqlMapClient"/>
        </property>
    </bean>

    <bean id="ramLookupProperties"
          class="com.ml.elt.s1.profile.core.das.sqlmap.LookupPropertiesSqlMapDaoImpl">
        <property name="sqlMapClient">
            <ref bean="esrdSqlMapClient"/>
        </property>
    </bean>
    
    
    <bean id="ramProfileAmendReportBean"
          class="com.ml.elt.s1.profile.core.das.sqlmap.ProfileAmendReportSqlMapDaoImpl">
        <property name="sqlMapClient">
            <ref bean="esrdSqlMapClient"/>
        </property>
    </bean>


    <bean id="ramPropertyGroup"
          class="com.ml.elt.s1.profile.core.das.sqlmap.PropertyGroupSqlMapDaoImpl">
        <property name="sqlMapClient">
            <ref bean="esrdSqlMapClient"/>
        </property>
    </bean>
    
    <bean id="ramPropertyGroupMapping"
          class="com.ml.elt.s1.profile.core.das.sqlmap.PropertyGroupMappingSqlMapDaoImpl">
        <property name="sqlMapClient">
            <ref bean="esrdSqlMapClient"/>
        </property>
    </bean>
       
    <bean id="ramPickerlist"
          class="com.ml.elt.s1.profile.core.das.sqlmap.PickerListSqlMapDaoImpl">
        <property name="sqlMapClient">
            <ref bean="esrdSqlMapClient"/>
        </property>
    </bean>
    
    <bean id="ramStaticData"
          class="com.ml.elt.s1.profile.core.das.sqlmap.StaticDataSqlMapDaoImpl">
        <property name="sqlMapClient">
            <ref bean="esrdSqlMapClient"/>
        </property>
    </bean>
    
    <bean id="ramContact"
          class="com.ml.elt.s1.profile.core.das.sqlmap.ContactSqlMapDaoImpl">
        <property name="sqlMapClient">
            <ref bean="esrdSqlMapClient"/>
        </property>
    </bean>
            
   <bean id="ramProfileAmend"
        class="com.ml.elt.s1.profile.core.das.sqlmap.ProfileAmendReportSqlMapDaoImpl">
        <property name="sqlMapClient">
            <ref bean="esrdSqlMapClient"/>
        </property>
    </bean>  
    
    <bean id="ramRamGroupUser"
        class="com.ml.elt.s1.entitlement.core.das.sqlmap.RamGroupUserSqlMapDao">
        <property name="sqlMapClient">
            <ref bean="sqlMapClient"/>
        </property>
    </bean>
    
    <bean id="ramRamUsers"
        class="com.ml.elt.s1.entitlement.core.das.sqlmap.RamUsersSqlMapDao">
        <property name="sqlMapClient">
            <ref bean="sqlMapClient"/>
        </property>
    </bean>
    
    <bean id="ramRamGroupPicker"
        class="com.ml.elt.s1.entitlement.core.das.sqlmap.RamGroupPickerSqlMapDao">
        <property name="sqlMapClient">
            <ref bean="sqlMapClient"/>
        </property>
    </bean> 
    
     <bean id="ramClientEmailAudit" class="com.ml.elt.s1.profile.core.das.sqlmap.ClientEmailAuditSqlMapDaoImpl">
        <property name="sqlMapClient">
            <ref bean="esrdSqlMapClient"/>
        </property>
    </bean>
    
    <bean id="ramClientEmailAuditProperty" class="com.ml.elt.s1.profile.core.das.sqlmap.ClientEmailAuditPropertySqlMapDaoImpl">
        <property name="sqlMapClient">
            <ref bean="esrdSqlMapClient"/>
        </property>
    </bean>     
</beans>