<?xml version="1.0" encoding="UTF-8" ?>

<!DOCTYPE sqlMapConfig
	PUBLIC "-//ibatis.apache.org//DTD SQL Map Config 2.0//EN"
	"http://ibatis.apache.org/dtd/sql-map-config-2.dtd">
<sqlMapConfig>

<typeHandler javaType="java.lang.Boolean"
 callback="com.ml.elt.s1.sw.core.das.sqlmap.handlers.YesNoBoolTypeHandlerCallback"/>
 
<!-- Identify all SQL Map XML files to be loaded by this SQL map. Paths are relative to the classpath.  -->

<sqlMap resource="com/ml/elt/s1/profile/core/das/sqlmap/sql/application.xml" />
<sqlMap resource="com/ml/elt/s1/profile/core/das/sqlmap/sql/contact.xml" />
<sqlMap resource="com/ml/elt/s1/profile/core/das/sqlmap/sql/lookupproperties.xml" />
<sqlMap resource="com/ml/elt/s1/profile/core/das/sqlmap/sql/property.xml" />
<sqlMap resource="com/ml/elt/s1/profile/core/das/sqlmap/sql/propertygroupmapping.xml" />
<sqlMap resource="com/ml/elt/s1/profile/core/das/sqlmap/sql/propertygroup.xml" />
<sqlMap resource="com/ml/elt/s1/profile/core/das/sqlmap/sql/rule.xml" />
<sqlMap resource="com/ml/elt/s1/profile/core/das/sqlmap/sql/ruleproperty.xml" />
<sqlMap resource="com/ml/elt/s1/profile/core/das/sqlmap/sql/pickerlist.xml" />
<sqlMap resource="com/ml/elt/s1/profile/core/das/sqlmap/sql/staticdata.xml" />
<sqlMap resource="com/ml/elt/s1/profile/core/das/sqlmap/sql/profileamendreport.xml" />
<sqlMap resource="com/ml/elt/s1/profile/core/das/sqlmap/sql/clientemailaudit.xml" />
<sqlMap resource="com/ml/elt/s1/profile/core/das/sqlmap/sql/clientemailauditproperty.xml" />

</sqlMapConfig>