<?xml version="1.0" encoding="UTF-8"?>
<!DOCTYPE beans PUBLIC "-//SPRING//DTD BEAN//EN" 
		"http://www.springframework.org/dtd/spring-beans.dtd">
		
<beans>	
   <bean id="profilePropertiesMananger" class="com.ml.elt.s1.profile.impl.ProfilePropertiesMananger" singleton="true" >
   		<property name="applicationLookupGeneratorsMap">
	    	<map>
	       		<entry key="SWAP_TRADE">
	       			<ref bean="profile.preview.lookupGenerator.SWAP_TRADE"/>
	       		</entry>	    		
	      	</map>
	  	</property>
   		<property name="applicationHierarchyLoaderMap">
	    	<map>
	       		<entry key="SWAP_TRADE">
	       			<ref bean="ClientDataLoader"/>
	       		</entry>	    		
	      	</map>
	  	</property>
	  	<property name="applicationDataConverterMap">
	    	<map>
	       		<entry key="SWAP_TRADE" >
	       			<ref bean="BookingServiceDataConverter"/>
	       		</entry>
	       		<entry key="DEFAULT" >
	       			<ref bean="DefaultDataConverter"/>
	       		</entry>	    		
	       			    		
	      	</map>
	  	</property>
	  	<property name="applicationValiatorMap">
	    	<map>
	       		<entry key="SWAP_TRADE">
	       			<list>
	       				<value>com.ml.elt.s1.rules.ProfileValidator.SWAP_TRADE</value>
	       				<value>com.ml.elt.s1.rules.ProfileValidator.SWAP_TRADE.Preview</value>
	       			</list>
	       		</entry>	
	       		<entry key="MARKET_CHARGES">
	       			<list>
	       				<value>com.ml.elt.s1.rules.ProfileValidator.MARKET_CHARGES</value>	       				
	       			</list>
	       		</entry>	
			<entry key="GIVEUP_BROKER_CODES">
				<list>
					<value>com.ml.elt.s1.rules.ProfileValidator.GIVEUP_BROKER_CODES</value>	       				
				</list>
			</entry>
	      	</map>
	  	</property>
	</bean>
		 
	<bean id="BookingServiceDataConverter" class="com.ml.elt.s1.sw.features.queryprofile.BookingServiceDataConverter" singleton="false" />
	
	<bean id="DefaultDataConverter" class="com.ml.elt.s1.profile.intface.DataConverter" singleton="false" />
	
	<bean id="BookingServiceHierarchyLoader" class="com.ml.elt.s1.sw.features.queryprofile.BookingServiceHierarchyLoader" singleton="false" >
		<property name="cacheDas" ref="cacheDas" />
	</bean> 

	<bean id="ClientDataLoader" class="com.ml.elt.s1.sw.features.queryprofile.ClientDataLoader" singleton="false" >
		 <constructor-arg>
		 	<ref bean="cacheDas"/>
		 </constructor-arg>
	</bean> 
	
	<bean id="profile.preview.lookupGenerator.SWAP_TRADE" class="com.ml.elt.s1.sw.features.enrichment.tr.BookingServiceLookupGenerator" singleton = "false">
  		<property name="cacheDas" ref="cacheDas" />
  	</bean> 	
  			 
</beans>