<?xml version="1.0" encoding="UTF-8"?>
<!DOCTYPE beans PUBLIC "-//SPRING//DTD BEAN//EN" 
		"http://www.springframework.org/dtd/spring-beans.dtd">

<beans>
  <bean id="JMSMessageXML2Java" class="com.ml.elt.s1.platform.plugins.convertor.xml2object.JMSMessageXML2Java" singleton="false">
	  <property name="converter" ref="XMLConverter"/>
	  <property name="logMessage" value="${instance.log.xml2java.message}"/>
  </bean>
  
  <bean id="JMSMessageJava2XML" class="com.ml.elt.s1.platform.plugins.convertor.xml2object.JMSMessageJava2XML" singleton="false">
	  <property name="converter" ref="XMLConverter"/>
	  <property name="logMessage" value="${instance.log.java2xml.message}"/>
  </bean> 
 
  <bean id="XMLConverter" class="com.ml.elt.s1.platform.plugins.convertor.xml2object.Converter" singleton = "false" >
	  <property name="classes">
	  	<list>	  		
	  		<value>com.ml.elt.s1.platform.plugins.processor.cache.query.GenericDataRecords</value>
	  		<value>com.ml.elt.s1.platform.plugins.processor.cache.query.QueryRequests</value>
			<value>com.ml.elt.s1.platform.plugins.processor.cache.query.ExceptionResult</value>
	  		<value>com.ml.elt.s1.platform.plugins.connector.internal.sysinfo.ShortFormSysinfo</value>
	  		<value>com.ml.elt.s1.platform.plugins.connector.internal.sysinfo.Sysinfo</value>
	  		<value>com.ml.elt.s1.platform.container.ServiceData</value>
	  		<value>com.ml.elt.s1.profile.core.sdo.MarketCharges</value>
	  		<value>com.ml.elt.s1.profile.core.sdo.GiveupBrokerCodes</value>
			<value>com.ml.elt.s1.profile.core.sdo.PickerBean</value>
			<value>com.ml.elt.s1.profile.core.sdo.Contact</value>
			<value>com.ml.elt.s1.profile.transfer.gui.AppBean</value>
	  		<value>com.ml.elt.s1.profile.transfer.gui.ErrorBean</value>
	  		<value>com.ml.elt.s1.profile.transfer.gui.ProfileDataList</value>	  			  		
	  		<value>com.ml.elt.s1.profile.transfer.gui.ProfileProperties</value>
	  		<value>com.ml.elt.s1.profile.transfer.gui.PropertyBean</value>
	  		<value>com.ml.elt.s1.profile.transfer.gui.RuleBean</value>
	  		<value>com.ml.elt.s1.profile.transfer.gui.AppBean</value>
	  		<value>com.ml.elt.s1.profile.transfer.gui.ContactBean</value>	  		
	  		<value>com.ml.elt.s1.profile.transfer.gui.ProfileAmendReportBean</value> 
	  		<value>com.ml.elt.s1.profile.plugins.amendmentreport.AmendmentReportRequest</value>
			<value>com.ml.elt.s1.profile.plugins.amendmentreport.AmendmentReportResponseList</value>		 		
	  	</list>
	  </property>
	</bean>
</beans>
