<?xml version="1.0" encoding="UTF-8" ?>

<!DOCTYPE sqlMap PUBLIC "-//ibatis.apache.org//DTD SQL Map 2.0//EN"
    "http://ibatis.apache.org/dtd/sql-map-2.dtd">

<sqlMap namespace="Application">

  <typeAlias alias="application" type="com.ml.elt.s1.profile.core.sdo.Application"/>

  <sql id="selectApplicationClause">
    SELECT 
    	A.ID as id,
		A.APPLICATION_CODE as applicationCode, 
		A.DESCRIPTION as description,
		A.VIEW_ORDER as viewOrder,
		A.CREATE_USER as createUser,
		A.CREATE_TS as createDateTime,
		A.UPDATE_USER as updateUser,
		A.UPDATE_TS as updateDateTime
	FROM APPLICATION A
  </sql>
  
  <select id="getApplicationByAppCode" resultClass="application" parameterClass="string">
	<include refid="selectApplicationClause"/>   
    WHERE A.APPLICATION_CODE = #applicationCode#
  </select>
  
  <select id="getApplicationByAppCodeList" resultClass="application" parameterClass="list">
	<include refid="selectApplicationClause"/>   
    WHERE A.APPLICATION_CODE IN
		<iterate open="(" close=")" conjunction=",">
        	#[]#
       </iterate>
  </select>
  
  <select id="getAllApplications" resultClass="application">
    <include refid="selectApplicationClause"/>
  </select>

</sqlMap>