<?xml version="1.0" encoding="UTF-8" ?>

<!DOCTYPE sqlMap PUBLIC "-//ibatis.apache.org//DTD SQL Map 2.0//EN"
    "http://ibatis.apache.org/dtd/sql-map-2.dtd">

<sqlMap namespace="ClientEmailAuditProperty">

    <typeAlias alias="clientEmailAuditProperty" type="com.ml.elt.s1.profile.core.sdo.ClientEmailAuditProperty"/>

    <sql id="selectProperties">
        SELECT  
    		C.ID as id,
    		C.PROPERTY_CODE as propertyCode,
    		C.IS_ACTIVE as isActive,
    		C.PROPERTY_TYPE as propertyType, 
    		C.CREATE_TS as createDateTime,
	        C.CREATE_USER as createUser,
	        C.UPDATE_TS as updateDateTime,
	        C.UPDATE_USER as updateUser		
	    FROM CLIENT_EMAIL_AUDIT_PROPERTY C   
  </sql>
  
  <select id="getAllAutoMailProperties" resultClass="clientEmailAuditProperty" >
    <include refid="selectProperties"/>
  </select>
  
  <!-- WHERE C.IS_ACTIVE=#stat# -->
  <select id="getActiveAutoMailProperties" resultClass="clientEmailAuditProperty">
      <include refid="selectProperties"/>      
  </select> 
</sqlMap>