<?xml version="1.0" encoding="UTF-8" ?>

<!DOCTYPE sqlMap PUBLIC "-//ibatis.apache.org//DTD SQL Map 2.0//EN"
    "http://ibatis.apache.org/dtd/sql-map-2.dtd">

<sqlMap namespace="ClientEmailAudit">

  <typeAlias alias="clientemailaudit" type="com.ml.elt.s1.profile.core.sdo.ClientEmailAudit"/>
  
  <sql id="selectAllAudit">
    SELECT 
	   C.SWP_TRD_ID as instId,
	   C.PROPERTY_ID as propertyID,
	   C.VALUE as auditValue,
	   C.VERSION as version,
	   C.CREATE_TS as createDateTime,
	   C.CREATE_USER as createUser,
	   C.UPDATE_TS as updateDateTime,
	   C.UPDATE_USER as updateUser	
	FROM CLIENT_EMAIL_AUDIT C 	
  </sql>
  
  <select id="getAuditByInstid" resultClass="clientEmailAudit" parameterClass="list">
      <include refid="selectAllAudit"/>
      WHERE C.SWP_TRD_ID IN
      <iterate open="(" close=")" conjunction=",">
        	#[]#
      </iterate>
  </select>
  
  <!-- <select id="getLatestAuditByInstid" resultClass="clientEmailAudit" parameterClass="list">
      SELECT 
          C.SWP_TRD_ID as instId,
	      C.PROPERTY_ID as propertyID,
	      C.VALUE as auditValue,
	      C.VERSION as version,
	      C.CREATE_TS as createDateTime,
	      C.CREATE_USER as createUser,
	      C.UPDATE_TS as updateDateTime,
	      C.UPDATE_USER as updateUser
	  FROM
	      (SELECT SWP_TRD_ID, PROPERTY_ID, VALUE, VERSION, CREATE_TS, CREATE_USER, UPDATE_TS, UPDATE_USER, row_number() over (ORDER BY VERSION DESC) as r
	       FROM CLIENT_EMAIL_AUDIT) C	
      WHERE C.SWP_TRD_ID IN
      <iterate open="(" close=")" conjunction=",">
        	#[]#
      </iterate>
      AND r = 1
      ORDER BY C.VERSION DESC
  </select>-->
  
  <select id="getLatestAuditByInstid" resultClass="clientEmailAudit" parameterClass="list">
     SELECT 
        C.SWP_TRD_ID as instId,
	      C.PROPERTY_ID as propertyID,
	      C.VALUE as auditValue,
	      C.VERSION as version,
	      C.CREATE_TS as createDateTime,
	      C.CREATE_USER as createUser,
	      C.UPDATE_TS as updateDateTime,
	      C.UPDATE_USER as updateUser      
	  FROM
        CLIENT_EMAIL_AUDIT C WHERE VERSION =
	      (SELECT MAX(VERSION) FROM CLIENT_EMAIL_AUDIT WHERE SWP_TRD_ID IN 
	      <iterate open="(" close=")" conjunction=",">
        	#[]#
          </iterate>
          )
        AND SWP_TRD_ID IN
           <iterate open="(" close=")" conjunction=",">
        	#[]#
           </iterate>
  </select>
  
  <insert id="insertAudit" parameterClass="clientEmailAudit">
    INSERT INTO CLIENT_EMAIL_AUDIT ( SWP_TRD_ID, PROPERTY_ID, VALUE, VERSION, CREATE_USER, UPDATE_USER, CREATE_TS, UPDATE_TS)
     VALUES (#instId#, #propertyID#, #auditValue#, #version#, #createUser#,#updateUser#,#createDateTime#,#updateDateTime#)
  </insert>
</sqlMap>