<?xml version="1.0" encoding="UTF-8" ?>

<!DOCTYPE sqlMap PUBLIC "-//ibatis.apache.org//DTD SQL Map 2.0//EN"
    "http://ibatis.apache.org/dtd/sql-map-2.dtd">

<sqlMap namespace="Contact">

  <typeAlias alias="contact" type="com.ml.elt.s1.profile.core.sdo.Contact"/>

  <sql id="selectContactClause">
    SELECT 
    	C.ID as id,
		C.FIRST_NAME as firstName, 
		C.MIDDLE_NAME as middleName,
		C.LAST_NAME as lastName,		
		C.ROLE as role,
		C.COMPANY as company,
		C.RECIPIENT_TYPE as recipientType, 
		C.EMAIL as email,
		C.CREATE_USER as createUser,
		C.CREATE_TS as createDateTime,
		C.UPDATE_USER as updateUser,
		C.UPDATE_TS as updateDateTime		
	FROM CONTACT C
  </sql>
  
  <select id="getContactById" resultClass="contact" parameterClass="integer">
	<include refid="selectContactClause"/>   
    WHERE C.ID = #id#
  </select>
  
  <select id="getAllContacts" resultClass="contact">
    <include refid="selectContactClause"/>
  </select>
  
   <insert id="insertContact" parameterClass="contact">
	   <selectKey keyProperty="id" type="pre" resultClass="long" >			
			SELECT CONTACT_SEQ.NEXTVAL AS value FROM DUAL
	    </selectKey>	   	
    <![CDATA[
      INSERT INTO CONTACT (
      		ID,
      		FIRST_NAME, 
      		MIDDLE_NAME, 
      		LAST_NAME, 
      		ROLE, 
      		COMPANY, 
      		RECIPIENT_TYPE, 
      		EMAIL, 
      		CREATE_USER, 
      		CREATE_TS, 
      		UPDATE_USER, 
      		UPDATE_TS) 
      VALUES(#id#, #firstName#, #middleName#, #lastName#, #role#, #company#, #recipientType#, #email#, #createUser#, #createDateTime#, #updateUser#, #updateDateTime#)
       ]]>                 
  	</insert>    
  
  <update id="updateContact" parameterClass="contact">   	
    <![CDATA[
      	UPDATE CONTACT SET
      		FIRST_NAME = #firstName#,
      		MIDDLE_NAME = #middleName#, 
      		LAST_NAME = #lastName#, 
      		ROLE = #role#, 
      		COMPANY = #company#, 
      		RECIPIENT_TYPE = #recipientType#,
      		EMAIL = #email#,      		
      		UPDATE_USER = #updateUser#,
      		UPDATE_TS = #updateDateTime#     		
      	WHERE ID = #id#
     ]]> 
  </update> 
   
</sqlMap>