<?xml version="1.0" encoding="UTF-8" ?>

<!DOCTYPE sqlMap PUBLIC "-//ibatis.apache.org//DTD SQL Map 2.0//EN"
    "http://ibatis.apache.org/dtd/sql-map-2.dtd">

<sqlMap namespace="LookupProperties">

  <typeAlias alias="lookupProperties" type="com.ml.elt.s1.profile.core.sdo.LookupProperties"/>
	
  <sql id="selectLookupPropertiesClause">
    SELECT 
    	L.ID as id,
		L.APPLICATION_ID as applicationId, 
		L.PROPERTY_ID as propertyId,
		L.LOOKUP_RANK as lookupRank,
		L.VIEW_WIDTH as viewWidth,		
		L.CREATE_USER as createUser,
		L.CREATE_TS as createDateTime,
		L.UPDATE_USER as updateUser,
		L.UPDATE_TS as updateDateTime		
	FROM LOOKUP_PROPERTIES L
  </sql>
  
  <select id="getLookupPropertiesByAppCode" resultClass="lookupProperties" parameterClass="integer">
	<include refid="selectLookupPropertiesClause"/>   
    WHERE L.appId = #appId#
  </select>
 
  <select id="getAllLookupProperties" resultClass="lookupProperties">
    <include refid="selectLookupPropertiesClause"/>
  </select>
 
</sqlMap>