<?xml version="1.0" encoding="UTF-8" ?>

<!DOCTYPE sqlMap PUBLIC "-//ibatis.apache.org//DTD SQL Map 2.0//EN"
    "http://ibatis.apache.org/dtd/sql-map-2.dtd">

<sqlMap namespace="ProfileAmendReport">

  <typeAlias alias="profileamendreport" type="com.ml.elt.s1.profile.transfer.gui.ProfileAmendReportBean"/>

  <typeAlias alias="profileamend" type="com.ml.elt.s1.profile.core.das.ProfileAmend"/>

  <sql id="selectProfileAmendReport">
	SELECT 
	ROWNUM AS  id, 
	R.ID AS ruleId, 
	P.PROPERTY_CODE as propertyCode, 
	P.DESCRIPTION AS propDescription, 
	RP.VALUE as value,
	RP.OLD_VALUE as oldValue,
	R.DESCRIPTION as description,
	R.ACTIVE_FLAG as activeFlag,
	RP.UPDATE_OPERATION as ruleOperationType, 
	R.UPDATE_OPERATION as operationType,
	R.UPDATE_USER as updateUser, 
	R.UPDATE_TS as updateTime
	FROM RULE_AUDIT R LEFT OUTER JOIN (RULE_PROP_AUDIT RP LEFT OUTER JOIN PROPERTY P ON RP.PROPERTY_ID = P.ID) ON (R.UPDATE_TS = RP.UPDATE_TS and R.ID = RP.RULE_ID) 
  </sql>
  
  <select id="getProfileAmendReportByRule" resultClass="profileamendreport" parameterClass="profileamend">
	<include refid="selectProfileAmendReport"/>   
	WHERE R.ID IN 
   	   <iterate property="ruleIds" open="(" close=")" conjunction=",">
        	#ruleIds[]#
       </iterate>
		AND TO_DATE(R.UPDATE_TS) &lt;= #endDate# and TO_DATE(R.UPDATE_TS) &gt;= #startDate#
		ORDER BY R.UPDATE_TS DESC 
  </select>
  
  <select id="getProfileAmendReportByDate" resultClass="profileamendreport" parameterClass="profileamend">
	<include refid="selectProfileAmendReport"/>   
	WHERE TO_DATE(R.UPDATE_TS) &lt;= #endDate# and TO_DATE(R.UPDATE_TS) &gt;= #startDate#
		ORDER BY R.UPDATE_TS DESC 
  </select>
  
  <select id="getAllProfileAmendReport" resultClass="profileamendreport" parameterClass="list">
	<include refid="selectProfileAmendReport"/>   
  </select>
</sqlMap>