<?xml version="1.0" encoding="UTF-8" ?>

<!DOCTYPE sqlMap PUBLIC "-//ibatis.apache.org//DTD SQL Map 2.0//EN"
    "http://ibatis.apache.org/dtd/sql-map-2.dtd">

<sqlMap namespace="Property">

  <typeAlias alias="property" type="com.ml.elt.s1.profile.core.sdo.Property"/>

  <sql id="selectPropertyClause">
    SELECT 
    	P.ID as id,
		P.DESCRIPTION as description,
		P.DATA_TYPE as dataType,		
		P.IS_ACTIVE as isActive,
		P.PROPERTY_CODE as propertyCode,		
		P.CREATE_USER as createUser,
		P.CREATE_TS as createDateTime,
		P.UPDATE_SER as updateUser,
		P.UPDATE_TS as updateDateTime		
	FROM PROPERTY P
  </sql>
  
  <select id="getPropertyById" resultClass="property" parameterClass="integer">
	<include refid="selectPropertyClause"/>   
    WHERE P.ID = #id#
  </select>
  
  <select id="getAllProperties" resultClass="property">
	<include refid="selectPropertyClause"/>
  </select>
</sqlMap>