<?xml version="1.0" encoding="UTF-8" ?>

<!DOCTYPE sqlMap PUBLIC "-//ibatis.apache.org//DTD SQL Map 2.0//EN"
    "http://ibatis.apache.org/dtd/sql-map-2.dtd">

<sqlMap namespace="PropertyGroupMapping">

  <typeAlias alias="propertyGroupMapping" type="com.ml.elt.s1.profile.core.sdo.PropertyGroupMapping"/>

  <sql id="selectPropertyGroupMapping">
    SELECT 
    	PGM.ID as id,
    	PGM.GROUP_ID as propertyGroupId,
    	PGM.PROPERTY_ID as propertyId,    	    	
    	PGM.REQUIRED_FLAG as requiredFlag,		
		PGM.CREATE_USER as createUser,
		PGM.CREATE_TS as createDateTime,
		PGM.UPDATE_USER as updateUser,
		PGM.UPDATE_TS as updateDateTime		
	FROM PROPERTY_GROUP_MAPPING PGM
  </sql>

  <select id="getPGMByPropGroupId" resultClass="propertyGroupMapping" parameterClass="integer">
	<include refid="selectPropertyGroupMapping"/>   
    WHERE PGM.GROUP_ID = #propertyGroupId#
  </select>
  
  <select id="getAllPropertyGroupMappings" resultClass="propertyGroupMapping">
    <include refid="selectPropertyGroupMapping"/>
  </select>

</sqlMap>