<?xml version="1.0" encoding="UTF-8" ?>

<!DOCTYPE sqlMap PUBLIC "-//ibatis.apache.org//DTD SQL Map 2.0//EN"
    "http://ibatis.apache.org/dtd/sql-map-2.dtd">

<sqlMap namespace="PropertyGroup">

  <typeAlias alias="propertyGroup" type="com.ml.elt.s1.profile.core.sdo.PropertyGroup"/>

  <sql id="selectPropertyGroup">
    SELECT 
    	PG.ID as id,
		PG.PROPERTY_GROUP_CODE as propertyGroupCode, 
		PG.DESCRIPTION as description,
		PG.APPLICATION_ID as applicationId,
		PG.PARENT_GROUP_ID as parentGroupId,		
		PG.CREATE_USER as createUser,
		PG.CREATE_TS as createDateTime,
		PG.UPDATE_USER as updateUser,
		PG.UPDATE_TS as updateDateTime	
	FROM PROPERTY_GROUP PG
  </sql>
  
  <select id="getPropertyGroupByAppId" resultClass="propertyGroup" parameterClass="integer">
	<include refid="selectPropertyGroup"/>   
    WHERE PG.APPLICATION_ID = #applicationId#
  </select>
  
  <select id="getPropertyGroupByPropGroupCode" resultClass="propertyGroup" parameterClass="string">
	<include refid="selectPropertyGroup"/>   
    WHERE PG.PROPERTY_GROUP_CODE = #propertyGroupCode#
  </select>
  
  <select id="getAllPropertyGroups" resultClass="propertyGroup">
    <include refid="selectPropertyGroup"/>
  </select>

</sqlMap>