<?xml version="1.0" encoding="UTF-8" ?>

<!DOCTYPE sqlMap PUBLIC "-//ibatis.apache.org//DTD SQL Map 2.0//EN"
    "http://ibatis.apache.org/dtd/sql-map-2.dtd">

<sqlMap namespace="RuleProperty">

  <typeAlias alias="ruleproperty" type="com.ml.elt.s1.profile.core.sdo.RuleProperty"/>

  <sql id="selectRuleProperty">
    SELECT  
	    RP.ID,
	    RP.RULE_ID ruleId,
	    RP.PROPERTY_ID propertyId,
	    RP.VALUE value,
	    RP.CREATE_USER createUser,
	    RP.CREATE_TS createDateTime,
	    RP.UPDATE_USER updateUser,
	    RP.UPDATE_TS updateDateTime
	FROM RULE_PROPERTY RP 	
  </sql>

   <select id="getAllRuleProperties" resultClass="ruleproperty">
    	<include refid="selectRuleProperty"/>     
   </select>
  
  <select id="getAllRulePropertiesByApp" resultClass="ruleproperty" parameterClass="list">
    	<include refid="selectRuleProperty"/>
	   	WHERE RP.RULE_ID IN (SELECT R.ID FROM RULE R WHERE R.APPLICATION_ID IN 
	    <iterate open="(" close=")" conjunction=",">
	        	#[]#
	    </iterate>  
	    )
   </select>
   
  <select id="getRuleProperty" resultClass="ruleproperty" parameterClass="long">
    <include refid="selectRuleProperty"/>
     WHERE   RP.ID = #id# 
  </select>

  <select id="getRulePropertyList" resultClass="ruleproperty" parameterClass="list">
    <include refid="selectRuleProperty"/>
   	WHERE RP.ID IN 
    <iterate open="(" close=")" conjunction=",">
        	#[]#
    </iterate>
  </select>

  <select id="getRulePropertyListForRuleId" resultClass="ruleproperty" parameterClass="long">
    <include refid="selectRuleProperty"/>
     WHERE RP.RULE_ID= #id# 
  </select>

  <select id="getRulePropertyListForRuleIds" resultClass="ruleproperty" parameterClass="list">
    <include refid="selectRuleProperty"/>
    WHERE RP.RULE_ID IN 
    <iterate open="(" close=")" conjunction=",">
        	#[]#
    </iterate>
  </select>

  <insert id="insertRuleProperty" parameterClass="ruleproperty">
  	<selectKey keyProperty="id" type="pre" resultClass="long" >
		SELECT RULEPROP_SEQ.NEXTVAL AS value FROM DUAL
    </selectKey>
    INSERT INTO RULE_PROPERTY ( ID, RULE_ID, PROPERTY_ID, VALUE, CREATE_USER, UPDATE_USER, CREATE_TS, UPDATE_TS)
     VALUES (#id#,#ruleId#,#propertyId#,#value#,#createUser#,#updateUser#,#createDateTime#,#updateDateTime#)
  </insert>
  
   <update id="updateRuleProperty" parameterClass="ruleproperty">
    UPDATE RULE_PROPERTY 
    	SET RULE_ID=#ruleId#, 
    		PROPERTY_ID=#propertyId#, 
    		VALUE =#value#, 
    		UPDATE_USER =#updateUser#,
    		UPDATE_TS = #updateDateTime#
    WHERE ID=#id#
  </update>
  
  <delete id="deleteRuleProperty" parameterClass="ruleproperty">
    DELETE RULE_PROPERTY 
    	WHERE ID=#id#
  </delete>
</sqlMap>