<?xml version="1.0" encoding="UTF-8" ?>

<!DOCTYPE sqlMap PUBLIC "-//ibatis.apache.org//DTD SQL Map 2.0//EN"
    "http://ibatis.apache.org/dtd/sql-map-2.dtd">

<sqlMap namespace="Rule">

  <typeAlias alias="rule" type="com.ml.elt.s1.profile.core.sdo.Rule"/>

  <sql id="selectRule">
    SELECT  
		R.ID,              
	  	R.APPLICATION_ID applicationId,
	  	R.ACTIVE_FLAG activeFlag,
	  	R.ACTIVE_FLAG activeValue,
	  	R.DESCRIPTION description,
	  	R.CREATE_USER createUser,
	  	R.CREATE_TS createDateTime,
	  	R.UPDATE_USER updateUser,
	  	R.UPDATE_TS updateDateTime
	FROM RULE R   
  </sql>

   <select id="getAllRules" resultClass="rule">
    <include refid="selectRule"/>
  </select>
  
  <select id="getAllRulesByApp" resultClass="rule" parameterClass="list">
    <include refid="selectRule"/>   
    WHERE  R.APPLICATION_ID IN 
    <iterate open="(" close=")" conjunction=",">
        	#[]#
    </iterate>  
  </select>

  
  <select id="getRule" resultClass="rule" parameterClass="long">
    <include refid="selectRule"/>
    WHERE  R.ID = #ruleId#
  </select>
  
  <select id="getRuleList" resultClass="rule" parameterClass="list">
    <include refid="selectRule"/>
    WHERE  R.ID IN 
    <iterate open="(" close=")" conjunction=",">
        	#[]#
    </iterate>     
  </select>
  
  <select id="getRuleListForApplication" resultClass="rule" parameterClass="long">
    <include refid="selectRule"/>
    WHERE  R.APPLICATION_ID = #applicationId#
  </select>

  <insert id="insertRule" parameterClass="rule">
    INSERT INTO RULE ( ID, APPLICATION_ID, ACTIVE_FLAG, DESCRIPTION, CREATE_USER, UPDATE_USER, CREATE_TS, UPDATE_TS)
     VALUES (#id#,#applicationId#,#activeValue#,#description#,#createUser#,#updateUser#,#createDateTime#,#updateDateTime#)
  </insert>
  
   <update id="updateRule" parameterClass="rule">
    UPDATE RULE 
    	SET APPLICATION_ID = #applicationId#,
    		ACTIVE_FLAG = #activeValue#,
    		DESCRIPTION =#description#,
    		UPDATE_USER =#updateUser#,
    		UPDATE_TS=#updateDateTime#
    WHERE ID=#id#
  </update>
  
  <delete id="deleteRule" parameterClass="rule">
    DELETE RULE	WHERE ID=#id#
  </delete>
  
  
 <select id="getNextRuleId" resultClass="long" >
	SELECT RULE_SEQ.NEXTVAL AS value FROM DUAL
 </select>
  
 <select id="getNextRulePropertyId" resultClass="long" >
	SELECT RULEPROP_SEQ.NEXTVAL AS value FROM DUAL
 </select>
  
    
</sqlMap>