<?xml version="1.0" encoding="UTF-8" ?>

<!DOCTYPE sqlMap PUBLIC "-//ibatis.apache.org//DTD SQL Map 2.0//EN"
    "http://ibatis.apache.org/dtd/sql-map-2.dtd">

<sqlMap namespace="StaticData">

  <typeAlias alias="staticData" type="com.ml.elt.s1.profile.core.sdo.StaticData"/>

  <sql id="selectStaticDataClause">
    SELECT 
    	S.ID as id,
    	S.PICKERLIST_ID as pickerListId,
    	S.PARENT_ID as parentId,
		S.VALUE as value,
		S.DESCRIPTION as description,
		S.CREATE_USER as createUser,
		S.CREATE_TS as createTime,
		S.UPDATE_USER as updateUser,
		S.UPDATE_TS as updateTime
	FROM STATIC_DATA S
  </sql>
  
   <select id="getStaticDataByPickerList" resultClass="staticData" parameterClass="integer">
    <include refid="selectStaticDataClause"/>
    	WHERE S.PICKERLIST_ID = #pickerListId#
  </select>
  
  <select id="getAllStaticData" resultClass="staticData">
    <include refid="selectStaticDataClause"/>
  </select>

</sqlMap>