<assembly>
	<formats>
		<format>tar.gz</format>
	</formats>
	<includeBaseDirectory>false</includeBaseDirectory>
	<fileSets>
		<fileSet>
			<directory>target</directory>
			<outputDirectory>profile_service-TRUNK/jars</outputDirectory>
			<includes>
				<include>*.jar</include>
			</includes>
		</fileSet>				
		<fileSet>
			<directory>src/main/config/rules</directory>
			<outputDirectory>
				profile_service-TRUNK/config/xml-include/rules
			</outputDirectory>
			<includes>
				<include>**/*.drl</include>
			</includes>
		</fileSet>		
		<fileSet>
			<directory>src/main/resources</directory>
			<outputDirectory>
				profile_service-TRUNK/config/xml-include
			</outputDirectory>			
			<includes>				
				<include>profileService_default.properties</include>																
				<include>profile_loader.xml</include>
				<include>xmlConverter.xml</include>
				<include>validation_rules.xml</include>
				<include>env_ram_db.xml</include>
				<include>sqlMapConfig.xml</include>
				<include>profileSqlMapConfig.xml</include>
			</includes>
		</fileSet>			
		<fileSet>
			<directory>src/main/resources/templates</directory>
			<outputDirectory>
				profile_service-TRUNK/config/templates
			</outputDirectory>
			<includes>
				<include>*_instance.properties</include>
				<include>log4j.properties</include>
				<include>env.xml</include>	
			</includes>
		</fileSet>
	</fileSets>
	<dependencySets>
		<dependencySet>
			<outputDirectory>profile_service-TRUNK/jars</outputDirectory>
			<unpack>false</unpack>
			<scope>runtime</scope>
			<excludes>
				<exclude>com.tibco:tibrvj</exclude>
			</excludes>
		</dependencySet>
	</dependencySets>
</assembly>
