<?xml version="1.0" encoding="UTF-8"?>
<!DOCTYPE beans PUBLIC "-//SPRING//DTD BEAN//EN" 
		"http://www.springframework.org/dtd/spring-beans.dtd">
		
<beans> 
  <description><![CDATA[
	Service to receive Profile Service Update events and reload profile and/or rebuild Profile Index accordingly.
  ]]></description>
	
  <bean id="ProfileServiceUpdateListenerProcessor" class="com.ml.elt.s1.platform.container.service.workflow.FlowGraph" >
  	<property name="runLevel" value="5"/>
    <property name="processMap">
      <map>
       	<entry key="JMSInput" value="JMSMessageXML2Java"/>
        <entry key="JMSMessageXML2Java" value="ProfileServiceUpdateListener"/>
        <entry key="ProfileServiceUpdateListener" value="JMSMessageJava2XML"/>
        <entry key="JMSMessageJava2XML" value="GUIJMSOutput"/>       
      </map>        
    </property>
    <property name="exceptionMap">
		<map>
			<entry key="*">
				<map>
					<entry key="com.ml.elt.s1.platform.container.exception.MessageException" value="JMSMessageJava2XML" />
					<entry key="java.lang.Throwable" value="JMSMessageJava2XML" />
				</map>
			</entry>
		</map>
	</property>
  </bean>
  
  <bean id="ProfileServiceUpdateListener" class="com.ml.elt.s1.profile.service.ProfileServiceUpdateListener" singleton="false" >	      
  	<property name="prfLifeCycle" 	ref="ProfileLifeCycle"/>  
  </bean>
  
  <bean id="ProfileLifeCycle" class="com.ml.elt.s1.profile.impl.ProfileLifeCycleImpl" singleton="false" >	    
  		<constructor-arg>
		 	<ref bean="cacheDas"/>
		 </constructor-arg>
		<property name="propertiesManager" ref="profilePropertiesMananger" />
  </bean>

  <bean id="ErrorLog" class="com.ml.elt.s1.platform.container.exception.ExceptionHandler" singleton="false" />	      
  
  <bean id="QueueConnectionFactory" class="com.tibco.tibjms.TibjmsQueueConnectionFactory">
    <constructor-arg>
     <value>${urlems}</value>
    </constructor-arg>
  </bean>
  
  <bean id="TopicConnectionFactory" class="com.tibco.tibjms.TibjmsTopicConnectionFactory">
    <constructor-arg>
     <value>${urlems}</value>
    </constructor-arg>
  </bean>

  <!-- writer that publishes data on a topic: Publishes to GUI; Notice Response Update -->
  <bean id="JMSInput" class="com.ml.elt.s1.platform.plugins.connector.ems.JMSConsumer" singleton="false">
   <property name="destinationName" value="${jms_subject_prefix}${topic.profile.updateStatus}"/>   
    <property name="connectionUrl" value="${urlems}" />
    <property name="username" value="${jmsprincipal}"/>
    <property name="password" value="${jmscredentials}"/>
    <property name="connectionFactory" ref="TopicConnectionFactory"/>
    <property name="transacted" value="false"/>
    <property name="logMessage" value="${instance.log.input.message}"/>		
  </bean>   
 
   <!-- writer that publishes data on a topic: Publishes to GUI; Notice Response Update -->
  <bean id="GUIJMSOutput" class="com.ml.elt.s1.platform.plugins.connector.ems.JMSProducer" singleton="false">
   <property name="destinationName" value="${jms_subject_prefix}${topic.profile}"/>   
   <property name="connectionUrl" value="${urlems}" />
   <property name="username" value="${jmsprincipal}"/>
   <property name="password" value="${jmscredentials}"/>
   <property name="connectionFactory" ref="TopicConnectionFactory"/>
   <property name="transacted" value="false"/>
   <property name="logMessage" value="${instance.log.output.message}"/>
  </bean>  
  
  <bean id="JMSMessageJava2XML" class="com.ml.elt.s1.platform.plugins.convertor.xml2object.JMSMessageJava2XML" singleton="false">
	 <property name="converter" ref="XMLConverter"/>	 
	 <property name="logMessage" value="${instance.log.java2xml.message}"/>
  </bean>     
  
</beans>