<?xml version="1.0" encoding="UTF-8"?>
<!DOCTYPE beans PUBLIC "-//SPRING//DTD BEAN//EN" 
		"http://www.springframework.org/dtd/spring-beans.dtd">
<beans>
	<description><![CDATA[Profile Service Operation]]></description>
	<bean id="profile_service"
		class="com.ml.elt.s1.platform.container.service.workflow.FlowGraph">
		<property name="runLevel" value="5" />
		<property name="processMap">
			<map>
				<entry key="JMSInput" value="JMSMessageXML2Java" />
				<entry key="JMSMessageXML2Java" value="ProfileHandler" />
				<entry key="ProfileHandler">
					<list>
						<value>ProfileUpdateBroadCastProcessor</value>
						<value>ProfileUpdateProcessor</value>
						<value>ProfileFilter</value>
						<value>ProfilePreviewFilter</value>
						<value>ProfileErrorFilter</value>
					</list>
				</entry>
				<entry key="ProfileFilter" value="JMSMessageJava2XML" />
				<entry key="ProfilePreviewFilter" value="JMSMessageJava2XML" />
				<entry key="ProfileErrorFilter" value="JMSMessageJava2XML" />
				<entry key="ProfileUpdateBroadCastProcessor" value="JMSMessageJava2XML2" />
				<entry key="ProfileUpdateProcessor" value="JMSMessageJava2XML" />
				<entry key="JMSMessageJava2XML" value="GUIJMSOutput" />
				<entry key="JMSMessageJava2XML2" value="GUIJMSOutput2" />
			</map>
		</property>
		<property name="exceptionMap">
			<map>
				<entry key="*">
					<map>
						<entry
							key="com.ml.elt.s1.platform.container.exception.MessageException" value="JMSMessageJava2XML" />
						<entry key="java.lang.Throwable" value="JMSMessageJava2XML" />
					</map>
				</entry>
			</map>
		</property>
	</bean>

	<bean id="ProfileHandler" class="com.ml.elt.s1.profile.service.ProfileHandler" singleton="false">
		<property name="profileLifeCycle" ref="ProfileLifeCycle" />
	</bean>
	
	<bean id="ProfileUpdateBroadCastProcessor" class="com.ml.elt.s1.profile.service.ProfileUpdateBroadCastProcessor" singleton="false">
		<property name="prfLifeCycle" ref="ProfileLifeCycle" />
	</bean>

	<bean id="ProfileUpdateProcessor" class="com.ml.elt.s1.profile.service.ProfileUpdateProcessor" singleton="false">
		<property name="prfLifeCycle" ref="ProfileLifeCycle" />
	</bean>

	<bean id="ProfileLifeCycle" class="com.ml.elt.s1.profile.impl.ProfileLifeCycleImpl" singleton="false">
		<constructor-arg>
		 	<ref bean="cacheDas"/>
		 </constructor-arg>
		<property name="propertiesManager" ref="profilePropertiesMananger" />
	</bean>

	<bean id="ProfileFilter" class="com.ml.elt.s1.profile.service.ProfileFilter" singleton="false">
		<property name="batchSize" value="20" />
	</bean>

	<bean id="ProfilePreviewFilter" class="com.ml.elt.s1.profile.service.ProfilePreviewFilter" singleton="false" />

	<bean id="ProfileErrorFilter" class="com.ml.elt.s1.profile.service.ProfileErrorFilter" singleton="false" />

	<bean id="JMSMessageJava2XML2" class="com.ml.elt.s1.platform.plugins.convertor.xml2object.JMSMessageJava2XML" singleton="false">
		<property name="converter" ref="XMLConverter" />
		<property name="logMessage" value="${instance.log.java2xml.message}"/>
	</bean>

	<bean id="JMSInput" class="com.ml.elt.s1.platform.plugins.connector.ems.JMSConsumer" singleton="false">
		<property name="destinationName" value="${jms_subject_prefix}${queue.profile.request}" />
		<property name="connectionUrl" value="${urlems}" />
		<property name="username" value="${jmsprincipal}" />
		<property name="password" value="${jmscredentials}" />
		<property name="connectionFactory" ref="QueueConnectionFactory" />
		<property name="logMessage" value="${instance.log.input.message}"/>		
	</bean>

	<bean id="GUIJMSOutput2" class="com.ml.elt.s1.platform.plugins.connector.ems.JMSProducer" singleton="false">
		<property name="destinationName" value="${jms_subject_prefix}${topic.profile.updateStatus}" />
		<property name="connectionUrl" value="${urlems}" />
		<property name="username" value="${jmsprincipal}" />
		<property name="password" value="${jmscredentials}" />
		<property name="connectionFactory" ref="TopicConnectionFactory" />
		<property name="transacted" value="false" />
		<property name="logMessage" value="${instance.log.output.message}"/>
	</bean>

	<bean id="GUIJMSOutput" class="com.ml.elt.s1.platform.plugins.connector.ems.JMSProducer" singleton="false">
		<property name="destinationName" value="${jms_subject_prefix}${topic.profile}" />
		<property name="connectionUrl" value="${urlems}" />
		<property name="username" value="${jmsprincipal}" />
		<property name="password" value="${jmscredentials}" />
		<property name="connectionFactory" ref="TopicConnectionFactory" />
		<property name="transacted" value="false" />
		<property name="logMessage" value="${instance.log.output.message}"/>
	</bean>

	<bean id="QueueConnectionFactory" class="com.tibco.tibjms.TibjmsQueueConnectionFactory">
		<constructor-arg>
			<value>${urlems}</value>
		</constructor-arg>
	</bean>

	<bean id="TopicConnectionFactory" class="com.tibco.tibjms.TibjmsTopicConnectionFactory">
		<constructor-arg>
			<value>${urlems}</value>
		</constructor-arg>
	</bean>

</beans>