<?xml version="1.0" encoding="UTF-8"?>
<!DOCTYPE beans PUBLIC "-//SPRING//DTD BEAN//EN" 
		"http://www.springframework.org/dtd/spring-beans.dtd">
		
<beans>
 
  <description><![CDATA[
  Service for config lifecycle
  ]]></description>
 
  <bean id="config_service" class="com.ml.elt.s1.platform.container.service.workflow.FlowGraph">
  	<property name="runLevel" value="5"/>
    <property name="processMap">
      <map>
        <entry key="JMSInput" value="JMSMessageXML2Java"/>
        <entry key="JMSMessageXML2Java" value="ConfigHandler"/>
        <entry key="ConfigHandler" value="JMSMessageJava2XML"/>        	
        <entry key="JMSMessageJava2XML" value="GUIJMSOutput"/>       
       </map>
    </property>
  </bean>  
  
  <bean id="ConfigHandler" class="com.ml.elt.s1.config.service.ConfigHandler" singleton = "false">
  	<property name="configLifeCycle" ref="ConfigLifeCycle"/>
	<property name="entitlementHandler" ref="EntitlementHandler"/>	
  </bean>

  <bean id="EntitlementHandler" class="com.ml.elt.s1.entitlement.EntitlementHandlerImpl" singleton="false">
  	<constructor-arg ref="cacheDas"/>
  </bean>

  <bean id="ConfigLifeCycle" class="com.ml.elt.s1.config.impl.ConfigLifeCycleImpl"  />
  
  <bean id="QueueConnectionFactory" class="com.tibco.tibjms.TibjmsQueueConnectionFactory">
    <constructor-arg>
     <value>${urlems}</value>
    </constructor-arg>
  </bean>

  <bean id="TopicConnectionFactory" class="com.tibco.tibjms.TibjmsTopicConnectionFactory">
    <constructor-arg>
     <value>${urlems}</value>
    </constructor-arg>
  </bean>

  <!-- Input that polls a jms queue -->
  <bean id="JMSInput" class="com.ml.elt.s1.platform.plugins.connector.ems.JMSConsumer" singleton = "false">
    <property name="destinationName" value="${jms_subject_prefix}${queue.gui.config}"/>
    <property name="connectionUrl" value="${urlems}" />
    <property name="username" value="${jmsprincipal}"/>
    <property name="password" value="${jmscredentials}"/>
    <property name="connectionFactory" ref="QueueConnectionFactory"/>
    <property name="logMessage" value="${instance.log.input.message}"/>
  </bean>
     
  <!-- writer that publishes data onto a queue -->
  <bean id="GUIJMSOutput" class="com.ml.elt.s1.platform.plugins.connector.ems.JMSProducer" singleton = "false">
    <property name="destinationName" value="${jms_subject_prefix}${topic.gui.config.response}"/>
    <property name="connectionUrl" value="${urlems}" />
    <property name="username" value="${jmsprincipal}"/>
    <property name="password" value="${jmscredentials}"/>
    <property name="connectionFactory" ref="TopicConnectionFactory"/>
    <property name="transacted" value="false"/>
    <property name="logMessage" value="${instance.log.message}"/>
  </bean>
  <!-- 
  <bean id="JMSMessageJava2XML" class="com.ml.elt.s1.platform.plugins.convertor.xml2object.JMSMessageJava2XML" singleton = "false">
	  <property name="converter" ref="XMLConverter"/>
	  <property name="logMessage" value="${instance.log.java2xml.message}"/>
  </bean> 
  
  <bean id="JMSMessageXML2Java" class="com.ml.elt.s1.platform.plugins.convertor.xml2object.JMSMessageXML2Java" singleton = "false">
	  <property name="converter" ref="XMLConverter"/>
	  <property name="logMessage" value="${instance.log.xml2java.message}"/>
  </bean>
  -->

</beans>