<?xml version="1.0" encoding="UTF-8"?>
<!DOCTYPE beans PUBLIC "-//SPRING//DTD BEAN//EN" 
		"http://www.springframework.org/dtd/spring-beans.dtd">
<beans>
    <bean id="DataViewConfigSqlMapClient" class="org.springframework.orm.ibatis.SqlMapClientFactoryBean">
        <property name="configLocation">  <value>classpath:sqlMapConfig.xml</value></property>
        <property name="useTransactionAwareDataSource"> <value>false</value></property>
        <property name="dataSource"><ref bean="DataViewConfig_DataSource_ConnectionPool"/></property>
    </bean>	
      
    <bean id="DataViewConfig_DataSource_ConnectionPool" class="org.apache.commons.dbcp.BasicDataSource" destroy-method="close">
    	<property name="driverClassName" value="${dataViewConfig.db.JDBCDriver}"/>
    	<!-- <property name="url" 	   		value="jdbc:sybase:Tds:${dataViewConfig.db.DBServer}"/> -->
    	<property name="url" 	   		value="jdbc:sqlserver://${dataViewConfig.db.DBServer}"/>    	
    	<property name="username"  		value="${dataViewConfig.db.USER}"/>
    	<property name="password"  		value="${dataViewConfig.db.PASS}"/>
    	<property name="initialSize" 	value="${dataViewConfig.db.DBPool.initialSize}"/>
    	<property name="maxActive" 		value="${dataViewConfig.db.DBPool.maxActive}"/>
    	<property name="maxIdle"   		value="${dataViewConfig.db.DBPool.maxIdle}"/>    	     
  	</bean>
  	  	
  	<!-- 
  	<bean id="transactionManager" class="org.springframework.jdbc.datasource.DataSourceTransactionManager">
        <property name="dataSource">
            <ref local="DataViewConfig_DataSource_ConnectionPool"/>
        </property>
    </bean>
    
    <bean name="msLocJdbcTemplate" class="org.springframework.jdbc.core.JdbcTemplate">
        <property name="dataSource" ref="DataViewConfig_DataSource_ConnectionPool"/>
    </bean>
     -->
</beans>